id,name
354,Taxidermy
347,Glass
352,Quilts
336,Flight
255,Residencies
257,Workshops
317,Chiptune
268,Pet Fashion
358,Photo
305,Community Gardens
330,Family
360,Video
304,Bacon
279,Places
386,Comedy
353,Stationery
251,Events
41,Jazz
260,Interactive Design
310,Farmer's Markets
256,Spaces
49,Periodicals
306,Cookbooks
295,Festivals
348,Knitting
283,Immersive
316,Blues
275,Animals
286,Spaces
6,Dance
287,Ceramics
38,Electronic Music
329,Zines
298,Movie Theaters
53,Public Art
270,Gaming Hardware
322,R&B
288,Installations
300,Romance
333,Camera Equipment
265,Couture
241,Metal
331,3D Printing
351,Printing
301,Science Fiction
27,Graphic Design
290,Video Art
289,Textiles
356,Woodworking
285,Plays
328,Young Adult
264,Childrenswear
3,Comics
297,Horror
272,Mobile Games
346,Embroidery
269,Ready-to-wear
276,Fine Art
25,Sculpture
291,Action
326,Literary Journals
296,Fantasy
299,Music Videos
13,Journalism
308,Events
280,Photobooks
343,Candles
321,Punk
341,Wearables
350,Pottery
349,Letterpress
292,Comedy
281,Experimental
320,Latin
323,Academic
33,Webseries
36,Classical Music
359,Print
282,Festivals
339,Sound
284,Musical
309,Farms
388,Comedy
334,DIY Electronics
325,Calendars
302,Thrillers
294,Experimental
271,Live Games
249,Anthologies
261,Typography
277,Nature
42,Pop
253,Webcomics
340,Space Exploration
39,Hip-Hop
40,Indie Rock
327,Translations
15,Photography
362,Makerspaces
239,Radio & Podcasts
338,Robots
315,Vegan
54,Mixed Media
307,Drinks
335,Fabrication Tools
24,Performance Art
29,Animation
11,Film & Video
31,Narrative Film
20,Conceptual Art
324,Anthologies
47,Fiction
314,Spaces
389,Literary Spaces
387,Comedy
357,Audio
254,Performances
44,World Music
50,Poetry
274,Puzzles
311,Food Trucks
361,Web
345,DIY
51,Software
312,Restaurants
12,Games
278,People
344,Crochet
342,Web
37,Country & Folk
17,Theater
23,Painting
10,Food
259,Civic Design
46,Children's Books
52,Hardware
293,Drama
48,Nonfiction
9,Fashion
21,Digital Art
262,Accessories
32,Shorts
250,Comic Books
45,Art Books
263,Apparel
319,Kids
18,Publishing
267,Jewelry
303,Television
34,Tabletop Games
30,Documentary
332,Apps
258,Architecture
273,Playing Cards
252,Graphic Novels
14,Music
7,Design
43,Rock
318,Faith
1,Art
28,Product Design
266,Footwear
26,Crafts
313,Small Batch
337,Gadgets
355,Weaving
22,Illustration
35,Video Games
16,Technology
